{
  "inputSize": 20,
  "hiddenSize": 24,
  "outputSize": 4,
  "w1": [
    -0.7388284559195664,
    0.17174585017694946,
    -0.30339436172301687,
    -0.31299313110222093,
    0.31622773014525063,
    -0.41498981845955407,
    0.2231681133625291,
    -0.14104347724929192,
    -0.1286791734847893,
    -0.2469116442929832,
    0.30238853911269936,
    0.29138760093491717,
    -0.004239734170463277,
    0.1707677042388592,
    0.22566498579296246,
    0.05622488127151737,
    -0.232332860097329,
    0.17970869565013078,
    -0.2545816234502023,
    -0.102047763283522,
    -0.3235978293631323,
    -0.07188006646288181,
    0.14799328162511097,
    -0.44877937434574905,
    -0.15274349520911662,
    -0.10107205444702325,
    0.1816510616129361,
    0.1725828761614262,
    0.39563521925675743,
    0.05628745045306777,
    -0.008302216770781246,
    0.061485739957991725,
    -0.08158999757461508,
    0.0031409852281980566,
    0.09612836506164857,
    0.3350994469431436,
    -0.1786441316562508,
    0.5068690523790333,
    -0.11909903487641968,
    0.2975558405123916,
    -0.20950293703742234,
    0.20961240269448062,
    -0.03953010659449743,
    -0.22950013464996538,
    0.27377494762788535,
    0.1450311827745938,
    0.09361385677132072,
    -0.17835126482748712,
    -0.31903517102806245,
    -0.3234795671066371,
    0.20811995569221953,
    -0.08618852648616881,
    -0.13052458543827802,
    0.02106333331331739,
    0.2546409009245091,
    -0.6030038654886942,
    -0.14685889956026735,
    -0.3709052542685603,
    -0.028520905366935967,
    -0.15948854704204884,
    0.10244287322738632,
    -0.04667587773846016,
    0.24239504865051714,
    -0.2617172014185228,
    -0.15851627711128538,
    0.2603787728551371,
    -0.25807983837051685,
    0.025702601585021388,
    -0.13313670236744457,
    -0.6344540501127476,
    -0.27443519506647096,
    -0.1529582326250786,
    0.26015422498722707,
    -0.1332879783983117,
    0.14110511951281102,
    0.3002067122216598,
    0.13105065329558524,
    0.13544784006377053,
    -0.20136309008546963,
    -0.17557375124985883,
    0.2110508110454385,
    0.17700984034456035,
    0.33303018999440787,
    0.13447276265594732,
    0.23189199452184256,
    -0.18567099333334247,
    -0.04196973776772517,
    0.014660330722959913,
    0.12208001251939549,
    0.07962475475124434,
    -0.34527329498543585,
    0.375861012700512,
    0.06386751891501524,
    -0.374344286268071,
    0.146371421844589,
    -0.3006451516444596,
    -0.09415896426038475,
    0.291776400373307,
    0.24176435756853867,
    -0.3284862392702181,
    0.3238845454609566,
    0.6157750234105162,
    0.21896557715759402,
    -0.1006349731085063,
    -0.07897144865060886,
    0.40218527697587225,
    -0.36457304462832546,
    -0.03680548747103915,
    -0.44003105137438503,
    -0.08410652998272666,
    -0.08165309208503843,
    -0.11824898663475567,
    -0.3887312834879513,
    -0.10317571067767467,
    -0.37985813475892105,
    -0.45880842904793334,
    0.3271984000653798,
    -0.16150500892233707,
    0.06358048020697055,
    0.17504826514271513,
    -0.21936398513319286,
    0.04764388516506443,
    -0.31087610817567846,
    0.05219912417744177,
    -0.27233711944464567,
    -0.22955352837162984,
    -0.05469673878191468,
    0.2238752991874735,
    -0.2084208732637674,
    0.11391484521513001,
    0.34375923344685305,
    -0.33125411623929163,
    0.2379337129739065,
    0.15780021504431646,
    -0.1924232819721809,
    0.03734460509334317,
    -0.11621729351159911,
    0.29358494465614215,
    -0.44870700040304157,
    0.2745805403428162,
    0.1380930219375349,
    -0.2725561270859289,
    0.10462333679692101,
    0.6381490479147759,
    -0.14848254302216862,
    -0.15468521711012384,
    0.07277764053457253,
    0.5044667185867772,
    0.2661275198590782,
    0.3468314491805838,
    0.010536608272763093,
    0.3650508817643815,
    -0.2214443839191568,
    -0.1562625228954948,
    -0.20044834912614545,
    -0.07084889456871424,
    -0.19686275608298517,
    -0.05922891198276975,
    0.026007061046326246,
    0.17593854874347714,
    0.6602008788074081,
    0.24467396807708874,
    -0.07503885899224971,
    -0.32310995441462537,
    -0.1560504193840613,
    0.3505944492736141,
    -0.4612605959183753,
    0.012162145991924722,
    1.0176454061656952,
    -0.22648447624386175,
    0.15602806539406322,
    0.03926526644634987,
    0.4987874233114948,
    -0.018617144485830073,
    0.11304313513513124,
    0.24583967408560548,
    0.12554872106623133,
    -0.38733103359260257,
    0.2789289641620474,
    0.14073136671504755,
    -0.22977058017326626,
    0.37093515326196574,
    -0.10760670949116938,
    -0.08366947971379715,
    0.3923374097868132,
    0.25551572032708114,
    -0.18024704744804232,
    -0.1821828340576146,
    -0.30106094750798995,
    0.22241754925311163,
    0.09972229067621906,
    -0.03554579373022873,
    0.5390218707573665,
    0.29706858489695975,
    -0.011657432021582093,
    0.08222062628107238,
    0.11695491859713841,
    0.13991411872426104,
    -0.29462927213081647,
    0.341191627323568,
    -0.16360501358120963,
    0.2135763622564365,
    -0.21901890320448766,
    -0.04247778578101129,
    -0.24664353947414902,
    -0.04499131641447057,
    -0.04606866131023037,
    0.060270125447061174,
    -0.15426480811151183,
    0.32352129167996524,
    0.6247951175560733,
    0.004601568411807477,
    -0.2879277235162562,
    -0.09781195900280482,
    -0.46458683518358357,
    0.3901006853485389,
    -0.15337120309128283,
    -0.30120019039827545,
    -0.01245480715510272,
    -0.20706312008288147,
    0.16989524524907934,
    0.02563290369244753,
    -0.32963576565573677,
    -0.03534466244248407,
    0.32885274388176716,
    0.18331234346912406,
    -0.9209323796508959,
    0.4633080316036212,
    -0.027845463883982485,
    -0.2081681893656609,
    -0.23308447923376047,
    0.595901866481365,
    -0.1648221335912703,
    0.03507905174980824,
    -0.27286202242287144,
    0.12052460157446065,
    0.059121287907744624,
    0.0373255355465755,
    -0.09002509216958349,
    -0.061747723156494405,
    0.3387137343108351,
    0.4103271220320206,
    0.03470666692586333,
    -0.3007960418733287,
    0.43104318477912557,
    0.02629467194353302,
    0.3179204885238544,
    -0.11680304680310458,
    -0.18738847523259233,
    -0.02066547220997067,
    0.01472076236460192,
    0.30785408341922077,
    -0.46242196333408236,
    -0.02969889302171011,
    0.059183105805579235,
    -0.2239102146403413,
    -0.44878845810275114,
    0.0338429968643124,
    -0.18304744214370755,
    0.4566814164001455,
    0.2838915752220362,
    -0.08508585973703348,
    -0.11897208889654598,
    0.4274984799192767,
    -0.12599468812717424,
    0.06920699209261434,
    0.2428167415644138,
    0.030723934843165462,
    0.15602334367064352,
    -0.067851037713198,
    -0.01471826044710453,
    -0.597173055492529,
    -0.32413369484526555,
    -0.1116038030836368,
    -0.0748443613235183,
    0.2198739239001788,
    -0.2157824733019586,
    0.18080828318060002,
    0.16221946053762748,
    0.15868467403831377,
    -0.4164661201234807,
    -0.4559861120300336,
    -0.11410220641202456,
    -0.3046388055639486,
    0.27368686112071605,
    -0.21564289723981767,
    0.1561425577613197,
    0.15395522097928369,
    0.1707827945222648,
    -0.4311018569792841,
    -0.3653537141709375,
    0.24455754879497504,
    0.13657916236228462,
    -0.0788620079557327,
    0.07899106787995588,
    0.23582051606635118,
    -0.3550821068380242,
    0.18663884196876956,
    0.40975544807869235,
    -0.3121357383055116,
    -0.2191820225900704,
    -0.6412557028174355,
    -0.3491481097654823,
    0.32335982109710515,
    0.19977551070425204,
    -0.08265168471542522,
    0.04307791367385242,
    0.24322469319766993,
    -0.19689504248520717,
    -0.07645745792046818,
    0.07434571737337464,
    -0.9453311682174335,
    -0.010561549192385222,
    0.48383735778739456,
