{
  "phases": [
    {
      "name": "imitation_learning",
      "metrics": {
        "best_val_accuracy": 0.9154000282287598,
        "final_train_loss": 0.07946104120678373,
        "final_train_accuracy": 0.9696888888888889,
        "final_val_loss": 0.28109511733055115,
        "final_val_accuracy": 0.9121999740600586,
        "num_train_samples": 45000,
        "num_val_samples": 5000
      }
    },
    {
      "name": "rl_finetuning",
      "skipped": true,
      "reason": "insufficient data (0 transitions)"
    },
    {
      "name": "progressive_difficulty",
      "difficulties": [
        0.3,
        0.6499999999999999,
        1.0
      ],
      "total_samples": 45000,
      "metrics": {
        "best_val_accuracy": 0.8604444265365601,
        "final_train_loss": 0.13139614006619393,
        "final_train_accuracy": 0.9435555555555556,
        "final_val_loss": 0.4742688238620758,
        "final_val_accuracy": 0.8382222056388855,
        "num_train_samples": 40500,
        "num_val_samples": 4500
      }
    }
  ]
}